"gene symbol","gene mim","disease name","disease mim","confidence category","allelic requirement","mutation consequence",phenotypes,"organ specificity list",pmids,panel,"prev symbols","hgnc id","gene disease pair entry date","cross cutting modifier","mutation consequence flag","confidence value flag",comments,"variant consequence","disease ontology"
FANCB,300515,"FANCB-RELATED FANCONI ANEMIA",229139,definitive,monoallelic_X_hem,"absent gene product",,"Bone Marrow/Immune;Skeleton;Cancer predisposition",16679491,Cancer,,3583,"2016-11-29 13:19:30",,,,,,
BRIP1,605882,"FANCONI ANEMIA, COMPLEMENTATION GROUP J",609054,definitive,biallelic_autosomal,"absent gene product",HP:0001511;HP:0000007;HP:0001263;HP:0008897;HP:0005528;HP:0000568;HP:0003221;HP:0007565;HP:0009778,"Bone Marrow/Immune;Skeleton",16116424,Cancer,,20473,"2016-11-29 13:19:26",,,,,,
XPC,613208,"XERODERMA PIGMENTOSUM, GROUP C",278720,definitive,biallelic_autosomal,"absent gene product",HP:0000491;HP:0000613;HP:0000656;HP:0002671;HP:0000621;HP:0000992;HP:0011463;HP:0000007;HP:0004334;HP:0001010;HP:0001029;HP:0012056;HP:0001009;HP:0003079;HP:0006739;HP:0000509,"Bone Marrow/Immune;Skin;Skeleton",11511294;14662655;8298653;11121128;19478817;9804340,Cancer,,12816,"2016-11-29 13:19:30",,,,,,
BUB1B,602860,"MOSAIC VARIEGATED ANEUPLOIDY SYNDROME 1",257300,definitive,biallelic_autosomal,"absent gene product",HP:0000347;HP:0000286;HP:0000175;HP:0002187;HP:0008897;HP:0000639;HP:0000316;HP:0000048;HP:0002119;HP:0006872;HP:0002069;HP:0200024;HP:0000248;HP:0001511;HP:0000238;HP:0000272;HP:0000252;HP:0006849;HP:0000879;HP:0003812;HP:0001305;HP:0000028;HP:0000518;HP:0000054;HP:0002667;HP:0000207;HP:0000358;HP:0001909;HP:0000047;HP:0000463;HP:0008872;HP:0004322;HP:0001274;HP:0000107;HP:0000348;HP:0011344;HP:0001518;HP:0001290;HP:0001562;HP:0000582;HP:0000007;HP:0001321;HP:0002123;HP:0005280;HP:0000470;HP:0000369;HP:0000343;HP:0002859;HP:0000062;HP:0005387,"Skeleton;Eye: Lens;Brain/Cognition;Genitalia",21190457;16411201;11169558;15475955;9916837,Cancer,,1149,"2016-11-29 13:19:26",,,,,,
FANCC,613899,"FANCONI ANEMIA, COMPLEMENTATION GROUP C",227645,definitive,biallelic_autosomal,"absent gene product",HP:0000568;HP:0000978;HP:0001903;HP:0000486;HP:0000252;HP:0001875;HP:0000028;HP:0009943;HP:0001017;HP:0000957;HP:0009778;HP:0001909;HP:0003214;HP:0001249;HP:0004322;HP:0001873;HP:0000081;HP:0002564;HP:0001518;HP:0003221;HP:0003213;HP:0000365;HP:0012210;HP:0000007;HP:0000085;HP:0000815;HP:0001876;HP:0000086;HP:0009777;HP:0001896;HP:0000104;HP:0003974,"Bone Marrow/Immune;Skeleton",10431244;20869034;8348157,Cancer,FACC,3584,"2016-11-29 13:19:27",,,,,,
DDB2,600811,"XERODERMA PIGMENTOSUM, GROUP E, DDB-NEGATIVE SUBTYPE",278740,definitive,biallelic_autosomal,"absent gene product",HP:0002861;HP:0000007;HP:0000491;HP:0000613;HP:0004334;HP:0001029;HP:0001009;HP:0002671;HP:0000656;HP:0003079;HP:0000621;HP:0000992;HP:0000509;HP:0006739,Skin;Skeleton,8798680;10469312;12812979,Cancer,,2718,"2016-11-29 13:19:27",,,,,,
FANCF,613897,"FANCONI ANEMIA, COMPLEMENTATION GROUP F",603467,definitive,biallelic_autosomal,"absent gene product",,"Bone Marrow/Immune;Skeleton",26033879;9382107;10615118,Cancer,,3587,"2016-11-29 13:19:27",,,,,,
FH,136850,"FUMARASE DEFICIENCY",606812,definitive,biallelic_autosomal,"absent gene product",HP:0002133;HP:0000463;HP:0001002;HP:0001274;HP:0002167;HP:0003355;HP:0001263;HP:0001396;HP:0002187;HP:0004482;HP:0001508;HP:0001252;HP:0002059;HP:0001942;HP:0000316;HP:0001399;HP:0000980;HP:0003128;HP:0002007;HP:0000648;HP:0000007;HP:0000252;HP:0002126;HP:0005280;HP:0002190;HP:0007620;HP:0000218;HP:0000505;HP:0001901;HP:0100954,"Kidney Renal Tract;Endocrine/Metabolic;Brain/Cognition",8200987;22069215,Cancer,,3700,"2016-11-29 13:19:27",,,,,,
FANCG,602956,"FANCONI ANEMIA, COMPLEMENTATION GROUP G",614082,definitive,biallelic_autosomal,"absent gene product",,"Bone Marrow/Immune;Skeleton",12552564;10807541;9806548;15657175,Cancer,XRCC9,3588,"2016-11-29 13:19:30",,,,,,
FANCE,613976,"FANCONI ANEMIA, COMPLEMENTATION GROUP E",600901,strong,biallelic_autosomal,"absent gene product",HP:0001249;HP:0003214;HP:0004322;HP:0000081;HP:0002564;HP:0001518;HP:0000568;HP:0000978;HP:0003221;HP:0003213;HP:0000365;HP:0012210;HP:0000486;HP:0000085;HP:0000252;HP:0000815;HP:0000086;HP:0001876;HP:0001875;HP:0009777;HP:0000028;HP:0009943;HP:0001017;HP:0000957;HP:0000104;HP:0001896;HP:0009778;HP:0001909;HP:0003974,"Bone Marrow/Immune;Skeleton",11001585;9382107;10205272,Cancer,FACE,3586,"2016-11-29 13:19:27",,,,,,
ERCC4,133520,"FANCONI ANEMIA, COMPLEMENTATION GROUP Q",615272,strong,biallelic_autosomal,"absent gene product",HP:0200034;HP:0006297;HP:0002370;HP:0002910;HP:0000365;HP:0007519;HP:0000992;HP:0000822;HP:0000648;HP:0000007;HP:0001256;HP:0000252;HP:0008069;HP:0001541;HP:0004326;HP:0001620;HP:0000490;HP:0007495;HP:0003079;HP:0002011;HP:0000505;HP:0007587;HP:0000958;HP:0003510,"Bone Marrow/Immune;Skin;Skeleton",3372781;17183314;8797827;23623386;23623389,Cancer,XPF,3436,"2016-11-29 13:19:27",,,,,,
EXT2,608210,"EXOSTOSES, MULTIPLE, TYPE 2",133701,definitive,monoallelic_autosomal,"absent gene product",HP:0002318;HP:0003105;HP:0000896;HP:0000918;HP:0002812;HP:0000006;HP:0004322;HP:0006765;HP:0003068;HP:0003276;HP:0010049;HP:0003621;HP:0002857;HP:0003406,Skeleton,9326317,Cancer,,3513,"2016-11-29 13:19:27",,,,,,
FANCD2,613984,"FANCONI ANEMIA, COMPLEMENTATION GROUP D2",227646,definitive,biallelic_autosomal,"absent gene product",HP:0000568;HP:0000978;HP:0001903;HP:0000486;HP:0000252;HP:0001875;HP:0000028;HP:0009943;HP:0001017;HP:0000957;HP:0009778;HP:0001909;HP:0003214;HP:0001249;HP:0004322;HP:0001873;HP:0000081;HP:0002564;HP:0001518;HP:0003221;HP:0003213;HP:0000365;HP:0012210;HP:0000007;HP:0000085;HP:0000815;HP:0001876;HP:0000086;HP:0009777;HP:0001896;HP:0000104;HP:0003974,"Bone Marrow/Immune;Skeleton",11239453,Cancer,FACD;FANCD,3585,"2016-11-29 13:19:27",,,,,,
FANCA,607139,"FANCONI ANEMIA, COMPLEMENTATION GROUP A",227650,definitive,biallelic_autosomal,"absent gene product",HP:0001249;HP:0003214;HP:0001873;HP:0004322;HP:0000081;HP:0002564;HP:0001518;HP:0000568;HP:0000978;HP:0003221;HP:0003213;HP:0000365;HP:0012210;HP:0001903;HP:0000486;HP:0000252;HP:0000085;HP:0000815;HP:0000086;HP:0001876;HP:0001875;HP:0009777;HP:0000028;HP:0009943;HP:0001017;HP:0000957;HP:0000104;HP:0001896;HP:0009778;HP:0001909;HP:0003974,"Bone Marrow/Immune;Skeleton",12447395;12827451;10431244;8896564;11344308;15523645,Cancer,FACA;FANCH,3582,"2016-11-29 13:19:27",,,,,,
CEP57,607951,"MOSAIC VARIEGATED ANEUPLOIDY SYNDROME 2",614114,definitive,biallelic_autosomal,"absent gene product",HP:0003196;HP:0000347;HP:0000286;HP:0000581;HP:0001682;HP:0002750;HP:0001511;HP:0001256;HP:0000252;HP:0003812;HP:0001631;HP:0002101;HP:0000957;HP:0000268;HP:0004322;HP:0000824;HP:0001518;HP:0000276;HP:0000821;HP:0000365;HP:0000325;HP:0010535;HP:0002247;HP:0001659;HP:0002007;HP:0000007;HP:0001629;HP:0000494;HP:0001680;HP:0005280;HP:0000490;HP:0000369,"Bone Marrow/Immune;Brain/Cognition",21552266;12116237,Cancer,,30794,"2016-11-29 13:19:27",,,,,,
GATA2,137295,"EMBERGER SYNDROME",614038,definitive,monoallelic_autosomal,"absent gene product",HP:0000006;HP:0000286;HP:0001876;HP:0000465;HP:0002863;HP:0000601;HP:0001004;HP:0001182,"Bone Marrow/Immune;Heart/Cardiovasculature/Lymphatic",21242295;24227816;21892158;22996659;20803646;21670465;2543925,Cancer,,4171,"2016-11-29 13:19:27",,,,,,
NBN,602667,"NIJMEGEN BREAKAGE SYNDROME",251260,definitive,biallelic_autosomal,"absent gene product",HP:0002837;HP:0000347;HP:0000175;HP:0003189;HP:0002885;HP:0000010;HP:0000265;HP:0002180;HP:0001511;HP:0000252;HP:0000752;HP:0000388;HP:0000453;HP:0002665;HP:0000340;HP:0005602;HP:0004798;HP:0009733;HP:0000400;HP:0000957;HP:0001587;HP:0002023;HP:0000126;HP:0001249;HP:0001873;HP:0004322;HP:0010976;HP:0002961;HP:0001890;HP:0006532;HP:0005403;HP:0000246;HP:0000582;HP:0000007;HP:0000204;HP:0010620;HP:0002025;HP:0002110;HP:0002859;HP:0002014,"Bone Marrow/Immune;Skeleton",3802554;9590180,Cancer,NBS1;NBS,7652,"2016-11-29 13:19:30",,,,,,
DIS3L2,614184,"PERLMAN SYNDROME",267000,definitive,biallelic_autosomal,"absent gene product",HP:0000194;HP:0000347;HP:0001999;HP:0001274;HP:0001263;HP:0002580;HP:0005247;HP:0004510;HP:0008643;HP:0010804;HP:0003271;HP:0008696;HP:0011341;HP:0000007;HP:0001520;HP:0000431;HP:0001541;HP:0000969;HP:0005280;HP:0001561;HP:0000369;HP:0000028;HP:0002667;HP:0011611;HP:0000776,"Cancer predisposition",6093533;10508986;22306653,Cancer,FAM6A,28648,"2016-11-29 13:19:27",,,,,,
ATM,607585,ATAXIA-TELANGIECTASIA,208900,definitive,biallelic_autosomal,"absent gene product",HP:0002837;HP:0008669;HP:0002720;HP:0001595;HP:0000639;HP:0001888;HP:0001315;HP:0000486;HP:0001336;HP:0000524;HP:0006254;HP:0002665;HP:0001332;HP:0000819;HP:0000957;HP:0001909;HP:0004322;HP:0001251;HP:0001266;HP:0000778;HP:0000823;HP:0001250;HP:0005407;HP:0000246;HP:0000833;HP:0000007;HP:0000134;HP:0005357;HP:0002110;HP:0008348;HP:0001260;HP:0001337,"Bone Marrow/Immune;Brain/Cognition;Heart/Cardiovasculature/Lymphatic",9443866;11889466;22345219;9450874;8808599;9600235;8968760;9887333;9781027;11826028;7792600;2491181;9521587;8755918,Cancer,ATD;ATA;ATDC;ATC,795,"2016-11-29 13:19:26",,,,,,
XPA,611153,"XERODERMA PIGMENTOSUM, GROUP A",278700,definitive,biallelic_autosomal,"absent gene product",HP:0001939;HP:0002542;HP:0001507;HP:0001284;HP:0000656;HP:0001626;HP:0000478;HP:0003011;HP:0000119;HP:0008639;HP:0000992;HP:0000252;HP:0004334;HP:0000598;HP:0000924;HP:0001009;HP:0001272;HP:0000509;HP:0000491;HP:0001249;HP:0000613;HP:0001251;HP:0001266;HP:0001574;HP:0001265;HP:0000152;HP:0000621;HP:0001268;HP:0001257;HP:0002715;HP:0000007;HP:0001029;HP:0000707;HP:0003079;HP:0000407;HP:0003510,"Bone Marrow/Immune;Skin;Spinal cord/Peripheral nerves;Skeleton;Brain/Cognition;Eye;Genitalia",2234061;1372102;10767341;16098033;1339397,Cancer,,12814,"2016-11-29 13:19:30",,,,,,
BLM,604610,"BLOOM SYNDROME",210900,definitive,biallelic_autosomal,"absent gene product",HP:0005585;HP:0040012;HP:0002720;HP:0008897;HP:0001328;HP:0004315;HP:0000448;HP:0000992;HP:0001511;HP:0000690;HP:0001256;HP:0000252;HP:0000272;HP:0000275;HP:0002850;HP:0002665;HP:0001620;HP:0000028;HP:0000957;HP:0001909;HP:0000268;HP:0004209;HP:0001161;HP:0006528;HP:0005598;HP:0000027;HP:0000998;HP:0000007;HP:0002860;HP:0002110;HP:0000411;HP:0005978;HP:0000868;HP:0001159;HP:0003220;HP:0005590,"Bone Marrow/Immune;Skin;Face;Skeleton;Respiratory tract;Brain/Cognition;Genitalia",10678659;7585968;8875252,Cancer,,1058,"2016-11-29 13:19:30",,,,,,
PTCH1,601309,"BASAL CELL NEVUS SYNDROME",109400,definitive,monoallelic_autosomal,"absent gene product",HP:0000256;HP:0000242;HP:0001144;HP:0010603;HP:0000175;HP:0001056;HP:0002937;HP:0000766;HP:0010044;HP:0000568;HP:0000316;HP:0000501;HP:0002948;HP:0002885;HP:0010609;HP:0000238;HP:0000486;HP:0001270;HP:0010610;HP:0005815;HP:0002751;HP:0000518;HP:0002650;HP:0004280;HP:0000892;HP:0000612;HP:0200021;HP:0001249;HP:0000006;HP:0000773;HP:0010442;HP:0002671;HP:0001425;HP:0000303;HP:0004795;HP:0000280;HP:0009729;HP:0002007;HP:0005462;HP:0000204;HP:0000431;HP:0005449;HP:0002414;HP:0009650;HP:0010617;HP:0008422;HP:0010618;HP:0003828;HP:0000912;HP:0010612,Skin;Brain/Cognition,8658145;22572734;8681379;12900905,Cancer,NBCCS;PTCH,9585,"2016-11-29 13:19:28",,,,,,
PALB2,610355,"FANCONI ANEMIA, COMPLEMENTATION GROUP N",610832,definitive,biallelic_autosomal,"absent gene product",HP:0000007;HP:0000252;HP:0001629;HP:0001915;HP:0000286;HP:0008897;HP:0003006;HP:0000470;HP:0003221;HP:0000316;HP:0002667;HP:0002885;HP:0000957;HP:0009778,"Bone Marrow/Immune;Skeleton",17200671;17200672,Cancer,,26144,"2016-11-29 13:19:28",,,,,,
GPC3,300037,"SIMPSON-GOLABI-BEHMEL SYNDROME, TYPE 1",312870,definitive,monoallelic_X_hem,"absent gene product",HP:0000256;HP:0000286;HP:0000175;HP:0001792;HP:0004510;HP:0001162;HP:0000316;HP:0001169;HP:0001773;HP:0000158;HP:0004467;HP:0006525;HP:0001837;HP:0000767;HP:0001762;HP:0000023;HP:0000047;HP:0000107;HP:0001274;HP:0002245;HP:0001252;HP:0002240;HP:0001642;HP:0000365;HP:0000154;HP:0001748;HP:0011675;HP:0000431;HP:0001233;HP:0005280;HP:0001540;HP:0003196;HP:0000216;HP:0011304;HP:0001320;HP:0008416;HP:0009101;HP:0000238;HP:0000384;HP:0004279;HP:0002566;HP:0006176;HP:0005580;HP:0008803;HP:0000028;HP:0002650;HP:0001537;HP:0001744;HP:0002667;HP:0000776;HP:0002869;HP:0000105;HP:0001638;HP:0000463;HP:0000891;HP:0003517;HP:0000689;HP:0005616;HP:0000280;HP:0001643;HP:0009882;HP:0001669;HP:0003422;HP:0003185;HP:0001629;HP:0002558;HP:0000494;HP:0001419,Face;Skeleton;Heart/Cardiovasculature/Lymphatic,8589713;9950367;10814714;17850639;16158429;18203194,Cancer,SDYS,4451,"2016-11-29 13:19:28",,,,,,
APC,611731,"DESMOID DISEASE, HEREDITARY",135290,definitive,monoallelic_autosomal,uncertain,,,8940264;8968744;10077730;10782927,Cancer,,583,"2016-11-29 13:19:26",,,,,,
APC,611731,"ADENOMATOUS POLYPOSIS COLI","No disease mim",definitive,monoallelic_autosomal,"absent gene product",HP:0008256;HP:0006771;HP:0006744;HP:0007649;HP:0002884;HP:0000478;HP:0011068;HP:0002885;HP:0000706;HP:0004783;HP:0002664;HP:0000924;HP:0005227;HP:0011069;HP:0025031;HP:0003549;HP:0006722;HP:0002895;HP:0000006;HP:0000670;HP:0001574;HP:0100245;HP:0003003;HP:0200040;HP:0000152;HP:0004394;HP:0009592;HP:0010619;HP:0010562;HP:0000953;HP:0001012;HP:0000769;HP:0100246;HP:0000707;HP:0000818;HP:0003828,"breast;Skeleton;Eye: Retina;Eye;GI tract;Cancer predisposition;Skin;Brain/Cognition;Teeth and Dentition",1651174;8252630;10494086;8019566;1316610;7661930;9288102;9950370;3039373;2164769;15771908;9916927;10598803;7797123;9724771;9603437;1651563;9521420;10562580;27087319;9487968;1324223;12136240;8931709;7485167;8162051;8281160,Cancer,,583,"2016-11-29 13:19:26",,,,,,
BAP1,603089,"TUMOR PREDISPOSITION SYNDROME",614327,definitive,monoallelic_autosomal,"absent gene product",HP:0030078;HP:0007716;HP:0000006;HP:0011524;HP:0005584;HP:0012054;HP:0012056;HP:0002671;HP:0100002;HP:0012055;HP:0006770;HP:0002858,"Cancer predisposition",21874003;21941004;21874000;23684012;28793149,Cancer,,950,"2016-11-29 13:19:26",,,,,,
BMPR1A,601299,"JUVENILE POLYPOSIS SYNDROME, INFANTILE FORM","No disease mim",definitive,monoallelic_autosomal,"absent gene product",,,9811934;9582123;10398437,Cancer,ACVRLK3,1076,"2016-11-29 13:19:26",,,,,,
BRCA1,113705,"BREAST-OVARIAN CANCER, FAMILIAL, 1","No disease mim",definitive,monoallelic_autosomal,"absent gene product",,,10417303;7545954;11039575;7894492;10788334;9150173;7894493;7894491;10196379;8968716;11157798;8644702;9616287;9585617;18285836;9927062;12014998,Cancer,,1100,"2016-11-29 13:19:26",,,,,,
BRCA2,600185,"PROSTATE CANCER",176807,definitive,monoallelic_autosomal,"absent gene product",,,8589730;15750593;11039575;11062481;12085187;8673090;9150155;8524414;8673092;9585617;12145750;11158174,Cancer,FANCD1;FACD;FANCD,1101,"2016-11-29 13:19:26",,,,,,
BRCA2,600185,"FANCONI ANEMIA, COMPLEMENTATION GROUP D1",605724,definitive,biallelic_autosomal,"absent gene product",,,14670928;15070707;12065746,Cancer,FANCD1;FACD;FANCD,1101,"2016-11-29 13:19:26",,,,,,
CDH1,192090,"GASTRIC CANCER, FAMILIAL DIFFUSE, WITH OR WITHOUT CLEFT LIP AND/OR PALATE",137215,definitive,monoallelic_autosomal,"absent gene product",,,12042667,Cancer,UVO,1748,"2016-11-29 13:19:26",,,,,,
CDK4,123829,"MELANOMA, CUTANEOUS MALIGNANT, 3","No disease mim",definitive,monoallelic_autosomal,uncertain,,,7652577;9425228,Cancer,,1773,"2016-11-29 13:19:26",,,,,,
CDKN1C,600856,"BECKWITH-WIEDEMANN SYNDROME",130650,definitive,monoallelic_autosomal,"absent gene product",,,20503313;8841187;26077438;9341892,Cancer,BWS;BWCR,1786,"2016-11-29 13:19:26",,,,,,
CDKN2A,600160,"MELANOMA, CUTANEOUS MALIGNANT, 2","No disease mim",definitive,monoallelic_autosomal,"absent gene product",HP:0002861;HP:0000006;HP:0002860;HP:0012056;HP:0006725;HP:0012182;HP:0100242;HP:0012142;HP:0009592,"Skin;Cancer predisposition",7670475;9516223;10797439;7666917;11726555;7624155;20132244;8653684;8727306;8153634;11506491;9603434;17492760;11725203;9328469;18178632;7987387,Cancer,MLM;CDKN2,1787,"2016-11-29 13:19:26",,,,,,
CEBPA,116897,"LEUKEMIA, ACUTE MYELOID",601626,definitive,monoallelic_autosomal,"absent gene product",,,12661007;11242107;15575056,Cancer,CEBP,1833,"2016-11-29 13:19:27",,,,,,
CHEK2,604373,"LI-FRAUMENI SYNDROME",151623,definitive,monoallelic_autosomal,"absent gene product",,,11719428;10617473,Cancer,RAD53,16627,"2016-11-29 13:19:27",,,,,,
CYLD,605018,"CYLINDROMATOSIS, FAMILIAL",132700,definitive,monoallelic_autosomal,"absent gene product",HP:0000006;HP:0008069;HP:0003581,Skin,16307661;19807742;12950348;10835629;16922728;14632188;12190880,Cancer,CYLD1,2584,"2016-11-29 13:19:27",,,,,,
DICER1,606241,"GOITER, MULTINODULAR 1, WITH OR WITHOUT SERTOLI-LEYDIG CELL TUMORS",138800,definitive,monoallelic_autosomal,"absent gene product",,,25836323;21205968;26566882;9295070;9345104;21882293,Cancer,MNG1,17098,"2016-11-29 13:19:27",,,,,,
DICER1,606241,"PLEUROPULMONARY BLASTOMA",601200,definitive,monoallelic_autosomal,uncertain,,,21036787;19556464;25209242,Cancer,MNG1,17098,"2016-11-29 13:19:27",,,,,,
EPCAM,185535,"COLORECTAL CANCER, HEREDITARY NONPOLYPOSIS, TYPE 8",613244,definitive,mitochondrial,"absent gene product",,,19098912,Cancer,M4S1;TACSTD1;MIC18,11529,"2016-11-29 13:19:27",,,,,,
ERCC2,126340,"XERODERMA PIGMENTOSUM, GROUP D","No disease mim",definitive,biallelic_autosomal,"absent gene product",,,11443545;11709541;7849702;9101292;7585650,Cancer,XPD,3434,"2016-11-29 13:19:27",,,,,,
ERCC3,133510,"XERODERMA PIGMENTOSUM, GROUP B","No disease mim",definitive,biallelic_autosomal,"absent gene product",,,16947863;8408834;4811796,Cancer,,3435,"2016-11-29 13:19:27",,,,,,
ERCC5,133530,"XERODERMA PIGMENTOSUM, GROUP G","No disease mim",definitive,biallelic_autosomal,"absent gene product",,,7951246;9096355;12060391;11841555;698096;11228268;23255472;11219864;8818951,Cancer,XPGC;ERCM2,3437,"2016-11-29 13:19:27",,,,,,
EXT1,608177,"EXOSTOSES, MULTIPLE, TYPE 1",133700,definitive,monoallelic_autosomal,"absent gene product",,,7550340;8981950;15253765;9326317,Cancer,LGS;LGCR,3512,"2016-11-29 13:19:27",,,,,,
FANCI,611360,"FANCONI ANEMIA, COMPLEMENTATION GROUP I",609053,definitive,biallelic_autosomal,"absent gene product",,,26590883;17452773,Cancer,KIAA1794,25568,"2016-11-29 13:19:27",,,,,,
FANCM,609644,"FANCONI ANEMIA, COMPLEMENTATION GROUP M","No disease mim",limited,mitochondrial,"absent gene product",,,16116422,Cancer,KIAA1596,23168,"2016-11-29 13:19:27",,,"Requires clinical review",,,
FH,136850,"LEIOMYOMATOSIS AND RENAL CELL CANCER",150800,definitive,monoallelic_autosomal,"absent gene product",HP:0002664;HP:0000119;HP:0001574;HP:0001939,"Skin;Kidney Renal Tract;Genitalia",11865300;12772087;15663510,Cancer,,3700,"2016-11-29 13:19:27",,,,,,
FLCN,607273,"BIRT-HOGG-DUBE SYNDROME",135150,definitive,monoallelic_autosomal,"absent gene product",,,15657874;19562744;19320655;18234728;20413710;20522427;12204536;17496196,Cancer,,27310,"2016-11-29 13:19:27",,,,,,
MEN1,613733,"MULTIPLE ENDOCRINE NEOPLASIA 1",131100,definitive,monoallelic_autosomal,"absent gene product",,,15205994;11134142;9554741;12417605;9498491;9709921;9361035;10647896;15240620;12050235;9241276;15870131;22275377;9215689;9103196,Cancer,,7010,"2016-11-29 13:19:28",,,,,,
MET,164860,"RENAL CELL CARCINOMA, PAPILLARY, 1",605074,definitive,monoallelic_autosomal,uncertain,,,9563489;9140397,Cancer,,7029,"2016-11-29 13:19:28",,,,,,
MLH1,120436,"MUIR-TORRE SYNDROME",158320,definitive,monoallelic_autosomal,"absent gene product",,,12919137;7584997;8128251;12124320;9245993;4063166;9831355;21785361;9927034;15571801;19419416;2022152;14635101;20533529;10598809;15923275;20858721;16341550;9927033;8145827;19142183;12112654,Cancer,COCA2,7127,"2016-11-29 13:19:28",,,,,,
MLH1,120436,"CONSTITUTIONAL MISMATCH REPAIR DEFICIENCY SYNDROME",276300,definitive,biallelic_autosomal,"absent gene product",,,26318770;22692065;7661930;17440981,Cancer,COCA2,7127,"2016-11-29 13:19:28",,,,,,
MSH2,609309,"COLORECTAL CANCER, HEREDITARY NONPOLYPOSIS, TYPE 1",120435,definitive,monoallelic_autosomal,"absent gene product",,,10528862;12694232;22781090;7874129;8723682;10051005;8261515;23170986;12658575;7937795;16451135;15042510,Cancer,COCA1,7325,"2016-11-29 13:19:28",,,,,,
MSH6,600678,"ENDOMETRIAL CANCER, FAMILIAL",608089,definitive,monoallelic_autosomal,"absent gene product",,,9354786;10508506;7604266;8075649,Cancer,GTBP,7329,"2016-11-29 13:19:28",,,,,,
MUTYH,604933,"ADENOMAS, MULTIPLE COLORECTAL","No disease mim",definitive,biallelic_autosomal,"absent gene product",,,11818965;12393807;12606733;15690400,Cancer,,7527,"2016-11-29 13:19:28",,,,,,
NF1,613113,"NEUROFIBROMATOSIS, TYPE 1",162200,definitive,monoallelic_autosomal,"absent gene product",,,11389087,Cancer,,7765,"2016-11-29 13:19:28",,,,,,
NF2,607379,SCHWANNOMATOSIS,"No disease mim",definitive,monoallelic_autosomal,"absent gene product",,,8566958;19124645;7666400;18072270;17357086;20930055;8757035;7913580;19582488;18285426;8379998,Cancer,,7773,"2016-11-29 13:19:28",,,,,,
NSD1,606681,"SOTOS SYNDROME 1",117550,definitive,monoallelic_autosomal,"absent gene product",,,12525543;16222665;11896389,Cancer,STO,14234,"2016-11-29 13:19:28",,,,,,
PALB2,610355,"BREAST CANCER SUSCEPTIBLITY","No disease mim",definitive,monoallelic_autosomal,"absent gene product",,,26248842;25337756,Cancer,,26144,"2016-11-29 13:19:28",,,,,,
PMS2,600259,"COLORECTAL CANCER, HEREDITARY NONPOLYPOSIS, TYPE 4",614337,definitive,monoallelic_autosomal,"absent gene product",,,16472587;14756672;18178629;15887124,Cancer,PMSL2,9122,"2016-11-29 13:19:28",,,,,,
PRF1,170280,"HEMOPHAGOCYTIC LYMPHOHISTIOCYTOSIS, FAMILIAL, 2",603553,definitive,biallelic_autosomal,"absent gene product",,,12716377;10583959;12229880;7851014,Cancer,,9360,"2016-11-29 13:19:28",,,,,,
PRKAR1A,188830,"CARNEY COMPLEX, TYPE 1",160980,definitive,monoallelic_autosomal,"absent gene product",,,10973256;10974026;11115848;12424709;15371594,Cancer,PRKAR1;TSE1,9388,"2016-11-29 13:19:28",,,,,,
PTEN,601728,"COWDEN SYNDROME 1",158350,definitive,monoallelic_autosomal,"absent gene product",,,11536076,Cancer,BZS;MHAM,9588,"2016-11-29 13:19:28",,,,,,
RAD51C,602774,"FANCONI ANEMIA, COMPLEMENTATION GROUP O",613390,limited,biallelic_autosomal,"altered gene product structure",,,20400963,Cancer,,9820,"2016-11-29 13:19:28",,,"Requires clinical review",,,
RAD51C,602774,"BREAST-OVARIAN CANCER, FAMILIAL, SUSCEPTIBILITY TO, 3",613399,definitive,monoallelic_autosomal,"absent gene product",,,20400964;26261251;21990120;21616938,Cancer,,9820,"2016-11-29 13:19:28",,,,,,
RB1,614041,RETINOBLASTOMA,180200,definitive,monoallelic_autosomal,"absent gene product",,,17299438;7881418;16631255;12016586;2594029;1352883;10486322;9341870;16988938;2601691;9400934;1881452,Cancer,OSRC,9884,"2016-11-29 13:19:29",,,,,,
RECQL4,603780,"ROTHMUND-THOMSON SYNDROME",268400,definitive,biallelic_autosomal,"absent gene product",,,10678659;20503338;12838562;9878247;10319867;12734318,Cancer,,9949,"2016-11-29 13:19:29",,,,,,
RET,164761,"MEDULLARY THYROID CARCINOMA","No disease mim",definitive,monoallelic_autosomal,uncertain,,,9506724;11454140;7915165;8099202;7906866;3697657;10323403;9111992;14602786;15240641,Cancer,HSCR1;MTC1;MEN2B;MEN2A,9967,"2016-11-29 13:19:29",,,,,,
RET,164761,"MULTIPLE ENDOCRINE NEOPLASIA IIB",162300,definitive,monoallelic_autosomal,"altered gene product structure",,,11788682,Cancer,HSCR1;MTC1;MEN2B;MEN2A,9967,"2016-11-29 13:19:29",,,,,,
RET,164761,"MULTIPLE ENDOCRINE NEOPLASIA IIA",171400,definitive,monoallelic_autosomal,"altered gene product structure",HP:0003005;HP:0001531;HP:0000006;HP:0001263;HP:0001519;HP:0001252;HP:0005994;HP:0002666;HP:0002865;HP:0003528;HP:0002019;HP:0003198;HP:0000574;HP:0002251;HP:0000951;HP:0002253;HP:0006461;HP:0003639;HP:0000218;HP:0001761;HP:0001388;HP:0000767;HP:0002650;HP:0003307;HP:0008208;HP:0002014;HP:0000179;HP:0002808,"Kidney Renal Tract;Endocrine/Metabolic;Cancer predisposition",10522989;15292360;11788682;12466368,Cancer,HSCR1;MTC1;MEN2B;MEN2A,9967,"2016-11-29 13:19:29","potential IF",,,,,
RHBDF2,614404,"TYLOSIS WITH ESOPHAGEAL CANCER",148500,definitive,monoallelic_autosomal,"altered gene product structure",,,22638770;13209063;8666405,Cancer,RHBDL6;TOC,20788,"2016-11-29 13:19:29",,,,,,
RUNX1,151385,"PLATELET DISORDER, FAMILIAL, WITH ASSOCIATED MYELOID MALIGNANCY",601399,definitive,monoallelic_autosomal,"absent gene product",,,19357396;10508512;18478040;11830488;12060124,Cancer,AML1;CBFA2,10471,"2016-11-29 13:19:29",,,,,,
SBDS,607444,"SHWACHMAN-BODIAN-DIAMOND SYNDROME",260400,definitive,biallelic_autosomal,"absent gene product",,,14749921;12496757,Cancer,,19440,"2016-11-29 13:19:29",,,,,,
SDHAF2,613019,"PARAGANGLIOMAS 2",601650,definitive,monoallelic_autosomal,"altered gene product structure",,,6286462;24523625,Cancer,PGL2;C11orf79,26034,"2016-11-29 13:19:29",,,,,,
SDHB,185470,"GASTROINTESTINAL STROMAL TUMOR",606764,definitive,monoallelic_autosomal,"absent gene product",,,15531530;11505412;14715873;11404820;16258955;11073817;14685938;20503330;12213855;9697690;16405730;9438854,Cancer,SDH1;SDH,10681,"2016-11-29 13:19:29",,,,,,
SDHB,185470,"PARAGANGLIOMA AND GASTRIC STROMAL SARCOMA",606864,definitive,mitochondrial,"absent gene product",,,15383933;17804857,Cancer,SDH1;SDH,10681,"2016-11-29 13:19:29",,,,,,
SDHC,602413,"PARAGANGLIOMAS 3",605373,definitive,monoallelic_autosomal,"absent gene product",,,26273102;12658451;15342702;11062460,Cancer,PGL3,10682,"2016-11-29 13:19:29",,,,,,
SDHD,602690,"CARCINOID TUMORS, INTESTINAL","No disease mim",limited,monoallelic_autosomal,"altered gene product structure",,,12007193,Cancer,PGL;PGL1,10683,"2016-11-29 13:19:29",,,"Requires clinical review",,,
SDHD,602690,"PARAGANGLIOMAS 1, WITH OR WITHOUT DEAFNESS","No disease mim",definitive,monoallelic_autosomal,"absent gene product",,,15531530;12111639;10657297;11391796;11343322;15032977;11323050;18678321;11391798;15066320;11605159;11156372,Cancer,PGL;PGL1,10683,"2016-11-29 13:19:29",,,,,,
SLX4,613278,"FANCONI ANEMIA, COMPLEMENTATION GROUP P",613951,definitive,biallelic_autosomal,"absent gene product",,,21240275;21240277,Cancer,BTBD12,23845,"2016-11-29 13:19:29",,,,,,
STK11,602216,"PANCREATIC CANCER",260350,definitive,monoallelic_autosomal,"absent gene product",,,15617552;15399020;12372054;8439212;15800014;9428765;9425897;15200509,Cancer,,11389,"2016-11-29 13:19:29",,,,,,
TP53,191170,"LI-FRAUMENI SYNDROME",151623,definitive,monoallelic_autosomal,"absent gene product",,,15977174;8649785;1644930;1683921;10484981;1679237;1565143;9569035;1565144;1978757;8118819;1933902;2259385;8134127,Cancer,,11998,"2016-11-29 13:19:29",,,,,,
TP53,191170,"ADRENAL CORTICAL CARCINOMA","No disease mim",strong,biallelic_autosomal,"altered gene product structure",,,11481490;18762572,Cancer,,11998,"2016-11-29 13:19:29",,,,,,
TP53,191170,"CHOROID PLEXUS PAPILLOMA","No disease mim",limited,biallelic_autosomal,"absent gene product",,,12085209,Cancer,,11998,"2016-11-29 13:19:29",,,"Requires clinical review",,,
TSC1,605284,LYMPHANGIOLEIOMYOMATOSIS,606690,definitive,monoallelic_autosomal,"absent gene product",,,10823953;18830229;9242607;10053179;10340649,Cancer,TSC,12362,"2016-11-29 13:19:29",,,,,,
TSC2,191092,"TUBEROUS SCLEROSIS-2",613254,definitive,monoallelic_autosomal,"absent gene product",,,12192641,Cancer,TSC4,12363,"2016-11-29 13:19:30",,,,,,
VHL,608537,"VON HIPPEL-LINDAU SYNDROME",193300,definitive,monoallelic_autosomal,"absent gene product",,,7563486;12414898;8550742;20583150;8956040;10533030;7784063,Cancer,,12687,"2016-11-29 13:19:30",,,,,,
SMAD4,600993,"JUVENILE POLYPOSIS SYNDROME",174900,definitive,monoallelic_autosomal,"absent gene product",,,26572829,Cancer,MADH4,6770,"2016-11-29 13:19:30",,,,,,
FANCL,608111,"FANCL-RELATED FANCONI ANEMIA",234480,strong,biallelic_autosomal,"absent gene product",,,25754594,Cancer,PHF9,20748,"2016-11-29 13:19:30",,,,,,
PHOX2B,603851,"NEUROBLASTOMA WITH HIRSCHSPRUNG DISEASE",613013,definitive,monoallelic_autosomal,"absent gene product",,,12438263;15024693;16691592;26798564,Cancer,PMX2B,9143,"2016-11-29 13:19:30",,,,,,
CDC73,607393,"HYPERPARATHYROIDISM-JAW TUMOR SYNDROME",145001,definitive,monoallelic_autosomal,"absent gene product",,,,Cancer,HRPT2;HRPT1;C1orf28,16783,"2016-11-29 13:19:30",,,,,,
MAX,154950,"PHEOCHROMOCYTOMA, SUSCEPTIBILITY TO",171300,definitive,monoallelic_autosomal,"absent gene product",,,24523625,Cancer,,6913,"2016-11-29 13:19:30",,,,,,
TMEM127,613403,"PHEOCHROMOCYTOMA, SUSCEPTIBILITY TO",171300,definitive,monoallelic_autosomal,"absent gene product",,,,Cancer,,26038,"2016-11-29 13:19:30",,,,,,
WRN,604611,"WERNER SYNDROME",277700,definitive,biallelic_autosomal,"absent gene product",HP:0004322;HP:0005328;HP:0001574;HP:0001939;HP:0000939;HP:0001507;HP:0001595;HP:0000152;HP:0001626;HP:0000478;HP:0005177;HP:0000119;HP:0002858;HP:0000546;HP:0002664;HP:0000135;HP:0000924;HP:0002669;HP:0000444;HP:0000707;HP:0000819;HP:0000518;HP:0000818;HP:0007618,Skin;Skeleton;Face;Endocrine/Metabolic;Hair/Nails;Eye;Heart/Cardiovasculature/Lymphatic,8602509;8968742,Cancer,,12791,"2016-11-29 13:19:30",,,,,,
SUFU,607035,"MEDULLOBLASTOMA, ASSOCIATED WITH GORLIN SYNDROME","No disease mim",strong,monoallelic_autosomal,"absent gene product",,,,Cancer,,16466,"2016-11-29 13:19:30",,,,,,
HRAS,190020,"COSTELLO SYNDROME",218040,definitive,monoallelic_autosomal,uncertain,,,,Cancer,HRAS1,5173,"2016-11-29 13:19:30",,,,,,
KIT,164920,"FAMILIAL GIST","No disease mim",definitive,monoallelic_autosomal,uncertain,,,,Cancer,PBT,6342,"2016-11-29 13:19:30",,,,,,
BRCA1,113705,"FANCONI ANAEMIA COMPLEMENTATION GROUP S",617883,limited,biallelic_autosomal,"absent gene product",,,25472942,Cancer,,1100,"2016-11-29 13:19:30",,,"Requires clinical review",,,
GREM1,603054,"HEREDITARY MIXED POLYPOSIS","No disease mim",definitive,monoallelic_autosomal,uncertain,,,22561515,Cancer,CRAC1;CKTSF1B1,2001,"2016-11-29 13:19:30",,,,,,
RAD51D,602954,"BREAST-OVARIAN CANCER, FAMILIAL, SUSCEPTIBILITY TO, 3",613399,definitive,monoallelic_autosomal,"absent gene product",,,26261251,Cancer,RAD51L3,9823,"2016-11-29 13:19:30",,,,,,
MSH2,609309,"CONSTITUTIONAL MISMATCH REPAIR DEFICIENCY SYNDROME",276300,definitive,biallelic_autosomal,"absent gene product",,,26318770,Cancer,COCA1,7325,"2016-11-29 13:19:30",,,,,,
PMS2,600259,"CONSTITUTIONAL MISMATCH REPAIR DEFICIENCY SYNDROME",276300,definitive,biallelic_autosomal,"absent gene product",,,26318770,Cancer,PMSL2,9122,"2016-11-29 13:19:30",,,,,,
MSH6,600678,"CONSTITUTIONAL MISMATCH REPAIR DEFICIENCY SYNDROME",276300,definitive,biallelic_autosomal,"absent gene product",,,26318770,Cancer,GTBP,7329,"2016-11-29 13:19:30",,,,,,
POLE,174762,"POLYMERASE PROOFREADING-ASSOCIATED POLYPOSIS","No disease mim",strong,monoallelic_autosomal,uncertain,,,25860647,Cancer,,9177,"2016-11-29 13:19:30",,,,,,
POLD1,174761,"POLYMERASE PROOFREADING-ASSOCIATED POLYPOSIS","No disease mim",strong,monoallelic_autosomal,uncertain,,,25860647,Cancer,POLD,9175,"2016-11-29 13:19:30",,,,,,
NTHL1,602656,"ADENOMATOUS POLYPOSIS AND CRC","No disease mim",definitive,biallelic_autosomal,"absent gene product",,,25938944,Cancer,,8028,"2016-11-29 13:19:30",,,,,,
SMARCB1,601607,SCHWANNOMATOSIS,"No disease mim",definitive,monoallelic_autosomal,"absent gene product",,,9671307;10521299;10739763;25335493,Cancer,SNF5L1,11103,"2016-11-29 13:19:30",,,,,,
LZTR1,600574,SCHWANNOMATOSIS,"No disease mim",definitive,monoallelic_autosomal,"absent gene product",,,25480913,Cancer,,6742,"2016-11-29 13:19:30",,,,,,
SDHA,600857,PARAGANGLIOMAS,"No disease mim",definitive,monoallelic_autosomal,"absent gene product",,,26273102,Cancer,SDH2,10680,"2016-11-29 13:19:30",,,,,,
WT1,607102,"FAMILIAL WILMS TUMOUR","No disease mim",definitive,monoallelic_autosomal,"absent gene product",,"Kidney Renal Tract;Cancer predisposition",20301471,Cancer,GUD,12796,"2019-03-07 17:40:59",,,,,,
KDM1A,609132,"Predisposition to multiple myeloma","No disease mim",strong,monoallelic_autosomal,"absent gene product",HP:0006775,"Bone Marrow/Immune",29559475,Cancer,KDM1;AOF2,29079,"2020-10-16 09:16:33",,,,,,
